	City	Cloudiness	Country	Date	Humidity	Lat	Lng	Max Temp	Wind Speed
0	nikolskoye	20	RU	1553822246	88	59.7	30.79	4	5
1	chlorakas	75	US	1553822301	73	22.08	-159.32	25	5.7
2	kapaa	0	ZW	1553822321	89	-18.19	31.55	13.96	1.67
3	marondera	75	TT	1553822215	88	10.24	-61.45	26.67	3.1
4	illoqqortoormiut	20	RU	1553822322	50	46.45	135.83	-4.9	1.3
5	belushya guba	75	PW	1553817000	74	7.04	134.26	27	5.7
6	esperance	40	GY	1553817600	88	6.8	-58.16	26	5.1
7	vostok	0	UY	1553822239	83	-33.69	-53.46	19.06	6.07
8	kloulklubed	40	AR	1553817600	47	-54.81	-68.31	14	7.2
9	georgetown	0	RU	1553822324	81	52.01	86.55	-9.8	1.75
10	chuy	20	US	1553821836	60	30.3	-99.24	22	5.7
11	ushuaia	0	IN	1553817600	94	15.34	74.49	22	0.72
12	attawapiskat	0	AU	1553822297	36	-42.88	147.33	24.44	7.7
13	choya	0	AU	1553817600	11	-25.24	130.99	27	2.1
14	harper	0	LK	1553822325	86	8.58	81.23	19.46	1.3
15	vaini	8	AU	1553822089	43	-33.21	138.6	20.76	4.22
16	hobart	90	US	1553821776	37	42.65	-73.75	11	7.2
17	kashi	0	IR	1553821200	75	32.86	59.22	7	2.1
18	yulara	12	CG	1553822326	85	1.61	16.05	25.31	1.07
19	trincomalee	90	NO	1553820600	100	70.66	23.68	0	11.3
20	jamestown	68	CD	1553822327	93	1.56	30.25	17.76	1.25
21	albany	0	CA	1553822327	91	48.78	-87.1	-0.4	6.17
22	birjand	0	FI	1553822296	79	61.18	22.7	6	1.5
23	ouesso	75	EG	1553817600	56	31.35	27.25	20	6.2
24	hammerfest	68	RU	1553822328	85	71.98	102.47	-7.05	8.47
25	bunia	1	US	1553822195	70	41.33	-72.77	6.67	4.1
26	terrace bay	40	MU	1553822044	94	-20.41	57.7	26	5.1
27	huittinen	20	NO	1553822329	100	67.67	12.69	3.81	10.77
28	marsa matruh	48	RU	1553822329	100	69.7	170.27	-17.9	1.92
29	khatanga	64	IR	1553822329	84	38.61	44.99	-2.3	1.22
30	north branford	48	BR	1553822330	84	-30.17	-50.22	20.81	7.6
31	mahebourg	75	AU	1553817600	79	-20.01	148.25	29	2.6
32	sorland	40	MU	1553822044	94	-20.34	57.76	26	5.1
33	pevek	88	NZ	1553822186	86	-35.17	173.16	21.76	5.85
34	sarab	20	MV	1553822331	100	-0.6	73.08	28.41	0.8
35	cidreira	32	RU	1553822331	77	71.97	114.09	-8.9	4.97
36	bowen	40	MX	1553820420	60	16.38	-93.6	24	10.3
37	bengkulu	64	PF	1553821863	100	-23.12	-134.97	25.26	1.95
38	bambous virieux	40	US	1553822275	51	39.01	-87.74	18	4.1
39	aflu	0	CN	1553822333	48	47.83	88.13	-9.4	2.5
40	burica	0	PT	1553822333	73	41.42	-6.55	4.96	2.27
41	ahipara	75	CA	1553821837	68	62.45	-114.38	-1	7.7
42	hithadhoo	8	GH	1553822333	84	8.05	-1.73	24.81	2.62
43	saskylakh	36	ML	1553822334	24	20.2	1.01	24.01	2.87
44	champerico	56	PF	1553822334	100	-9.8	-139.03	27.76	6.12
45	rikitea	8	NZ	1553821805	72	-46.13	167.69	17.78	0.45
46	robinson	0	NZ	1553821805	72	-46.19	168.86	17.78	0.45
47	altay	0	AU	1553822166	38	-33.64	115.35	17.22	7.1
48	saldanha	0	NZ	1553822058	68	-45.87	170.5	16.67	9.83
49	yellowknife	0	PF	1553822335	100	-16.48	-151.75	29.31	0.37
50	kintampo	92	AU	1553822336	100	-23.58	149.07	22.56	3.92
51	tessalit	8	KZ	1553822336	79	46.84	74.98	0.91	1.15
52	atuona	56	KI	1553822336	100	3.07	172.79	28.31	4.97
53	tuatapere	12	PH	1553822337	59	17.54	120.36	26.06	1.52
54	mataura	80	ZA	1553821204	88	-34.53	20.04	18.33	1
55	busselton	0	ZA	1553822337	46	-30.97	22.13	12.91	1.9
56	dunedin	64	PG	1553821864	99	-2.57	150.8	29.11	3.95
57	tabiauea	40	PT	1553822304	76	37.72	-25.43	13	3.6
58	faanui	0	CL	1553817600	87	-42.48	-73.76	10	2.6
59	bluff	0	CL	1553821947	71	-53.16	-70.91	12	3.6
60	balkhash	76	CK	1553821200	78	-21.21	-159.78	28	2.1
61	butaritari	8	MG	1553822339	98	-13.19	49.05	21.41	1.37
62	fuerte	0	SD	1553822339	17	13.6	26.69	16.91	3.75
63	taolanaro	40	US	1553822302	61	19.71	-155.08	26	5.7
64	bredasdorp	44	GL	1553822340	86	77.48	-69.36	-18.3	2.82
65	carnarvon	1	US	1553822209	48	35.84	-90.7	19	5.1
66	kavieng	1	US	1553821503	44	34.64	-120.46	18	6.7
67	vila franca do campo	0	AU	1553822115	36	-42.78	147.06	24	7.7
68	meyungs	1	US	1553822137	35	48.15	-103.62	7	1.5
69	castro	90	BN	1553819400	83	5.28	115.24	27	1
70	punta arenas	5	MX	1553822277	53	21.05	-89.07	25	5.1
71	avarua	0	BR	1553817600	56	-20.33	-44.24	22	2.6
72	ambilobe	75	PE	1553817600	78	-13.71	-76.2	23	3.6
73	umm kaddadah	0	BR	1553822343	72	-28.45	-52.2	19.61	6.47
74	hilo	0	OM	1553817000	69	17.01	54.1	24	2.1
75	qaanaaq	0	CN	1553822343	54	39.23	106.34	-2.2	2.07
76	jonesboro	0	PT	1553822344	100	38.52	-28.7	14.71	3.62
77	lompoc	76	ZA	1553821261	97	-34.42	19.24	18.33	0.8
78	new norfolk	0	FR	1553822237	70	45.6	-0.6	8	2.1
79	williston	0	IN	1553822345	100	11.67	92.75	28.31	0.45
80	victoria	80	JP	1553822345	98	42.97	140.51	0.61	5.85
81	teya	75	ZA	1553821691	93	-33.93	18.42	19.44	1
82	bonfim	20	PT	1553822120	49	40.36	-7.35	9.44	0.89
83	pisco	0	ET	1553822346	78	7.14	40.71	12.36	1.3
84	marau	56	PG	1553822093	100	-10.62	150.67	27.76	4.17
85	lolua	40	US	1553820780	60	60.79	-161.76	5	4.1
86	salalah	20	CL	1553817600	54	-45.58	-72.07	15	2.1
87	shitanjing	20	BB	1553817600	74	13.22	-59.52	26	6.7
88	ribeira grande	75	PT	1553822278	77	38.73	-27.07	15	4.32
89	turkistan	0	MA	1553822348	95	29.7	-9.73	12.96	0.55
90	hermanus	90	CA	1553822306	74	50.03	-66.88	3	8.2
91	souillac	75	DE	1553822322	93	52.26	10.53	10	1
92	port blair	0	IN	1553822349	82	25.7	94.46	10.21	1.07
93	iwanai	68	CN	1553822349	66	43.65	111.97	-3.9	12.15
94	marcona	5	MX	1553822145	34	22.89	-109.91	27.78	1.5
95	cape town	1	US	1553822185	62	36.62	-121.92	16.67	6.2
96	belmonte	0	GL	1553820600	43	60.91	-46.05	-9	3.6
97	ginir	68	CA	1553822134	59	50.56	-96.99	-1.11	4.82
98	samarai	56	CN	1553822350	50	42.12	118.78	-0.75	2.75
99	bethel	0	ES	1553822275	64	36.75	-3.88	14	9.8
100	coihaique	20	ET	1553817600	67	8.96	38.73	14	2.1
101	bathsheba	48	CO	1553822351	94	1.15	-76.65	16.11	0.32
102	berbera	88	RU	1553822352	92	69.49	88.39	-5.25	8.97
103	praia da vitoria	32	BO	1553822352	85	-13.26	-64.05	23.06	3.4
104	tiznit	8	RU	1553822352	78	53.07	105.52	-7.7	1.92
105	port-cartier	0	GB	1553822167	87	51.59	-3	6.67	2.6
106	brunswick	88	TC	1553822338	100	21.46	-71.14	23.21	3.7
107	phek	90	CA	1553817600	74	55.1	-105.3	3	3.6
108	tsihombe	75	PE	1553821200	77	-16.45	-71.58	15	1.5
109	erenhot	20	US	1553822021	61	21.32	-158.01	28	6.7
110	cabo san lucas	90	CL	1553817600	73	-20.22	-70.14	21	6.2
111	pacific grove	75	AU	1553822246	68	-35.55	138.62	20	9.8
112	narsaq	92	CN	1553822355	99	28.02	120.66	13.61	0.92
113	husavik	75	CA	1553822016	48	53.01	-112.84	7.78	1.5
114	mujiayingzi	24	CN	1553822356	58	36.58	114.48	6.11	3.27
115	khonuu	64	NO	1553822356	100	70.86	29.09	-1.05	5.57
116	nerja	0	BR	1553817600	83	-3.13	-59.98	28	1.5
117	lebu	36	CD	1553822357	93	-7.01	23.45	20.46	1.3
118	mocoa	100	PG	1553822357	96	-6.32	155.48	23.81	1.7
119	talnakh	64	IS	1553822357	100	64.25	-15.21	2.96	9.05
120	magdalena	1	DE	1553822155	81	49.98	6.89	7	1.5
121	bayanday	68	NO	1553822156	71	62.91	6.91	10	15.9
122	newport	0	MW	1553822358	84	-13.8	32.89	14.56	2.3
123	cockburn town	20	US	1553822185	61	21.35	-158.09	28	6.7
124	la ronge	0	NZ	1553822358	60	-45.41	167.72	17.16	1.45
125	junin	80	BR	1553822359	93	-6.44	-36.64	22.11	2.8
126	ewa beach	75	CA	1553822278	79	45.62	-61.36	0	6.7
127	iquique	0	ZM	1553821200	77	-15.33	28.68	17	1
128	victor harbor	8	NZ	1553822274	67	-46.28	169.85	17.22	1.79
129	wenzhou	0	AR	1553822357	57	-46.43	-67.52	14.56	2.65
130	camrose	0	NA	1553822360	88	-26.65	15.16	16.51	3.02
131	mys shmidta	20	GR	1553822009	53	39.45	22.34	10	1.5
132	baboua	20	CL	1553817600	93	-40.91	-73.16	9	2.6
133	handan	8	CA	1553822147	59	51.48	-107.04	4.44	0.45
134	yuancheng	0	CV	1553821586	99	14.9	-24.5	21.06	6.02
135	berlevag	90	US	1553822284	58	47.13	-119.28	14.44	3.6
136	manaus	0	ES	1553822305	76	38.18	-1.13	11	3.1
137	mwene-ditu	0	BR	1553817600	94	-6.97	-34.84	25	2.1
138	panguna	68	PE	1553822363	95	-12.12	-73	20.26	0.37
139	hofn	76	NO	1553822363	95	70.98	25.97	0.51	6.4
140	wittlich	20	EC	1553822116	70	-0.74	-90.35	29	5.1
141	bud	0	SN	1553819400	82	14.69	-17.45	20	7.2
142	mchinji	1	US	1553822349	81	39.31	-74.98	10	2.1
143	makakilo city	0	SD	1553822365	36	13.52	35.76	19.66	2.05
144	te anau	48	PK	1553822365	84	32.22	70.39	14.11	1.8
145	acari	12	IN	1553822366	68	25.92	82	20.81	1.25
146	port hawkesbury	76	RU	1553822366	97	63.05	179.32	-2.4	2.2
147	chongwe	0	AU	1553822355	36	-43.03	147.26	24.44	7.7
148	kaitangata	75	GR	1553822303	43	37.96	23.7	10.56	6.7
149	mar del plata	0	AR	1553821200	68	-33.01	-68.8	18	1.5
150	luderitz	40	US	1553822213	54	20.89	-156.47	28	5.1
151	saint george	68	RU	1553822368	79	50.6	97.53	-11.95	2.02
152	purranque	75	JP	1553819880	83	26.12	127.67	25	6.2
153	outlook	0	RU	1553822369	66	67.65	134.64	-16.55	1.72
154	sao filipe	56	BR	1553822369	61	-20.63	-46	23.51	3.95
155	nizhneyansk	0	GL	1553820600	57	65.61	-37.64	-8	6.2
156	moses lake	76	ZA	1553822370	87	-34	24.73	18.91	6.42
157	fortuna	75	CA	1553817600	85	69.44	-133.03	-4	4.1
158	cabedelo	76	RU	1553822370	74	71.64	128.87	-9.4	8.75
159	pangoa	68	GL	1553822370	99	60.14	-45.24	-2.65	4.65
160	honningsvag	0	MZ	1553822371	100	-23.87	35.38	22.96	3.5
161	puerto ayora	12	PH	1553822371	59	17.54	120.52	26.06	1.52
162	dakar	12	EE	1553822372	92	59.1	26.19	1.96	4.4
163	port elizabeth	0	MW	1553822372	96	-13.66	33.93	17.16	1.4
164	doka	24	PH	1553822372	89	10.35	125.25	26.16	3.05
165	tank	36	ID	1553822372	100	4.14	96.13	26.46	0.92
166	guicheng	0	GB	1553822101	93	53.52	-2.49	7.78	1
167	pratapgarh	40	ID	1553817600	100	-0.92	100.36	25	0.5
168	beringovskiy	88	RU	1553822373	85	54.1	77.67	-1.4	5.97
169	margate	5	CA	1553822118	68	47.66	-52.73	-2.78	4.1
170	kallithea	40	US	1553822327	63	47.48	-94.89	1	4.1
171	russell	75	BR	1553817600	94	-5.81	-35.21	25	4.1
172	kahului	40	CA	1553822008	45	51.09	-115.35	6	1
173	kungurtug	76	RU	1553822375	91	67.55	63.78	-4.05	6.32
174	itoman	0	MR	1553817600	88	20.93	-17.03	18	5.1
175	batagay	20	CA	1553817600	34	53.65	-115.58	9	2.1
176	ponta do sol	75	EC	1553822153	76	-0.39	-78.55	15	5.7
177	tasiilaq	0	RU	1553822376	66	67.46	153.71	-13.3	1.4
178	kruisfontein	90	US	1553822312	61	39.95	-94.76	11.67	2.6
179	tuktoyaktuk	0	CN	1553822377	59	35.6	103.21	-4.3	1.15
180	tiksi	88	IS	1553822377	100	63.44	-20.27	2.51	10.7
181	nanortalik	0	BR	1553822377	87	-3.84	-62.06	26.56	1.22
182	bac lieu	56	IN	1553822378	88	34.16	77.58	-14.55	0.37
183	inhambane	90	US	1553822368	38	39.62	-77.74	15	4.6
184	tuggurt	40	TH	1553822252	100	12.25	102.51	31.11	1.5
185	san quintin	75	CA	1553817600	47	50.7	-127.42	14	4.1
186	vao	48	PE	1553822379	61	-5.09	-81.11	25.51	4
187	dowa	0	MZ	1553817600	94	-19.62	34.74	23	1.82
188	hinundayan	90	CA	1553817600	55	68.22	-135.01	4	3.6
189	meulaboh	0	ZA	1553822380	70	-25.11	29.06	16.81	1.17
190	atherton	88	BR	1553822380	91	-1.82	-44.87	26.01	2.27
191	padang	0	GY	1553822380	45	3.38	-59.8	32.31	6.07
192	bagan	12	PF	1553822381	98	-16.7	-151.02	29.71	0.85
193	torbay	64	IR	1553822345	84	38.55	44.95	-2.3	1.22
194	bemidji	75	US	1553822214	75	43.13	-115.69	11.11	5.1
195	natal	36	RU	1553822381	78	68.75	161.3	-18.25	2.82
196	canmore	92	PG	1553822382	100	-6.22	155.63	22.96	1.8
197	komsomolskiy	64	CI	1553822382	96	6.55	-7.5	22.56	1.37
198	nouadhibou	12	ZA	1553822382	92	-33.59	26.89	18.96	6.17
199	mackay	0	ZA	1553821859	100	-33.02	27.91	21.46	8.7
200	san cristobal	0	BR	1553822291	88	-3.9	-38.39	26.11	1
201	srednekolymsk	75	CA	1553817600	45	55.74	-97.86	-3	4.1
202	kodiak	48	MG	1553822384	89	-19.53	45.46	21.31	1.45
203	linxia	44	RU	1553822335	87	67.68	53.15	-3.9	7.55
204	vestmannaeyjar	0	MX	1553822384	56	27.97	-114.04	20.41	6.65
205	codajas	75	JP	1553821476	52	35.73	140.83	7.78	4.6
206	louisbourg	44	KZ	1553822385	94	51.74	71.71	5.81	4.82
207	leh	32	BR	1553822385	96	-2.92	-39.92	24.26	2.27
208	vardo	1	GB	1553822152	93	51.9	-2.07	6.67	2.2
209	trat	92	BR	1553822386	100	-22.97	-42.02	22.36	2.62
210	port hardy	68	GL	1553822386	100	72.79	-56.15	-12.6	3.7
211	paita	92	CA	1553822386	70	66.15	-65.72	-9.85	5.17
212	dondo	8	RU	1553822386	77	58.36	82.83	-7.75	1.27
213	sorvag	0	FR	1553821200	75	41.93	8.74	10	3.6
214	aklavik	0	IN	1553822387	70	21.77	81.81	19.11	1.25
215	siyabuswa	0	AR	1553822387	37	-43.3	-65.11	16.06	1.8
216	cururupu	0	MN	1553822388	45	49.98	92.07	-20.9	0.95
217	lethem	90	RU	1553822119	92	52.21	104.21	-2	5
218	fare	80	NA	1553817600	54	-17.91	15.98	26	2.6
219	khoy	1	CA	1553817600	30	54.32	-130.32	14	3.6
220	mountain home	32	SO	1553822389	99	2.04	45.34	27.91	5.42
221	cherskiy	90	BM	1553821238	72	32.3	-64.78	19	9.3
222	kieta	0	CL	1553817600	82	-29.95	-71.34	14	3.6
223	jujuy	0	PY	1553822389	88	-26.98	-56.83	22.81	1.15
224	guiglo	76	AR	1553822390	47	-38.31	-60.23	20.81	5.77
225	port alfred	75	RU	1553819400	86	64.42	-173.23	-1	5
226	east london	40	CG	1553821200	100	-4.77	11.87	26	1
227	aquiraz	80	RU	1553822391	99	69.38	178.42	-14.7	7.15
228	thompson	0	RU	1553822391	72	54.56	46.07	-8.15	3.2
229	miandrivazo	100	GF	1553822391	95	5.38	-52.96	26.71	5.65
230	iskateley	40	DZ	1553817600	87	36.39	4.4	8	2.1
231	guerrero negro	88	NZ	1553821937	69	-39.94	176.59	18.33	1.34
232	hasaki	40	CA	1553817600	38	50.1	-91.92	-2	3.6
233	saleaula	75	IE	1553821200	93	51.62	-8.87	7	3.6
234	zholymbet	20	NO	1553817000	92	70.63	29.72	-5	2.6
235	itarema	75	CO	1553821200	65	3.25	-76.23	26	3.6
236	maloshuyka	90	CA	1553822338	75	45.36	-73.48	6.11	6.7
237	cheltenham	56	GL	1553822394	100	61.99	-49.67	-2.45	8.02
238	arraial do cabo	1	CA	1553820960	74	46.49	-84.36	1	4.1
239	upernavik	90	US	1553822213	86	45.79	-108.5	3	4.1
240	pangnirtung	0	MX	1553822395	34	29.05	-109.23	24.56	0.82
241	togur	44	PH	1553822395	100	13.32	122.68	26.41	4.77
242	ajaccio	0	RU	1553822395	58	65.95	111.51	-12.45	1.75
243	bhatapara	80	RU	1553822396	91	59.65	67.41	-0.5	3.1
244	rawson	8	AO	1553822396	92	-15.19	12.15	26.36	2.8
245	ulaangom	90	GR	1553822139	100	36.82	21.7	12	2.6
246	markova	0	BG	1553822285	56	41.53	24.68	7.22	4.6
247	ondangwa	92	BR	1553822397	89	-1.2	-46.02	26.61	3.5
248	prince rupert	8	RU	1553822399	84	73.51	80.55	-9.95	4.87
249	mogadishu	0	CL	1553817600	87	-41.87	-73.83	10	2.6
250	hamilton	20	CD	1553822399	92	-1.93	18.29	25.11	0.92
251	coquimbo	0	UY	1553822400	73	-34.48	-54.34	17.36	4.55
252	san patricio	40	ID	1553819400	94	-3.01	114.39	26	2.6
253	barrow	20	ES	1553822277	77	28.66	-17.92	15	3.6
254	provideniya	92	NZ	1553821684	92	-35.1	173.78	19.44	2.24
255	loandjili	12	GL	1553820600	65	69.22	-51.1	-14	10.3
256	leningradskiy	40	IN	1553819400	60	25.56	84.66	21	1
257	atyashevo	76	RU	1553822401	77	54.37	92.14	-5.05	1.3
258	sinnamary	0	RU	1553822225	71	62.1	126.7	-14.4	1.17
259	rudbar	75	JP	1553821468	57	33.93	134.5	10	2.1
260	tazmalt	1	US	1553822382	71	34.88	-76.9	13.89	1.5
261	waipawa	75	RU	1553822274	83	55.61	37.97	0	1
262	sioux lookout	64	BR	1553822403	100	-5.2	-35.46	24.56	2.12
263	clonakilty	48	MV	1553822220	100	0.53	72.93	28.36	1.4
264	batsfjord	48	BR	1553822403	94	-9.62	-42.08	27.36	6.57
265	miranda	0	RU	1553819400	79	60.73	77.6	-2	1
266	saint-philippe	75	TR	1553822314	82	36.95	36.2	13	1.5
267	paamiut	24	AU	1553822404	96	-22.38	143.04	26.06	3.52
268	sault sainte marie	92	GA	1553822405	100	-3.44	10.65	26.31	2.2
269	billings	75	CA	1553817600	52	65.28	-126.83	5	3.6
270	sahuaripa	90	CA	1553822403	80	45.25	-73.8	6.11	3.6
271	san andres	90	MY	1553819400	83	5.36	115.76	28.89	1
272	aykhal	12	CM	1553822406	96	3.98	13.18	21.41	0.92
273	kondinskoye	20	TD	1553822406	41	11.04	20.28	21.46	1.3
274	namibe	0	NG	1553822407	34	10.52	7.44	23.31	2.87
275	methoni	0	IE	1553821200	93	52.23	-9.46	4	0.5
276	vicuna	0	CN	1553822407	89	33.25	119.91	10.11	2.35
277	barentsburg	40	MX	1553820120	69	16.86	-99.88	28	2.1
278	milkovo	0	CR	1553822278	60	9.52	-84.33	22	7.2
279	jhikargachha	90	CA	1553817723	85	63.75	-68.52	-8	4.1
280	carutapera	88	PE	1553822410	72	-10.07	-78.15	21.36	1.5
281	dikson	24	CD	1553822410	92	0.05	18.26	25.26	0.4
282	ancud	75	AU	1553821817	42	-34.29	146.06	28.33	8.7
283	inongo	20	TZ	1553822411	90	-10	39.71	23.91	0.7
284	rocha	44	ID	1553822411	92	-9.45	124.48	23.56	0.77
285	kualakapuas	80	CN	1553822411	88	29.72	112.52	13.01	1.35
286	grand river south east	88	AU	1553822196	92	-20.07	146.27	24.96	5.5
287	los llanos de aridane	80	RU	1553822412	100	65.58	-170.99	-0.6	7.6
288	kaeo	92	KZ	1553822412	99	51.1	66.31	3.71	5.05
289	ilulissat	92	CN	1553822412	96	27.73	112	14.36	1.15
290	arrah	8	AU	1553822413	75	-20.74	116.85	25.61	1.95
291	idrinskoye	32	AO	1553822413	100	-11.2	13.84	26.81	2.95
292	berdigestyakh	40	US	1553822227	68	30.04	-94.42	20	3.1
293	katsuura	68	ID	1553817600	94	-7.41	112.58	26	2.1
294	havelock	75	GR	1553822407	43	37.94	22.93	10.56	6.7
295	oktyabrskiy	1	US	1553822414	75	40.73	-73.63	8.33	3.6
296	touros	12	TH	1553821966	92	15.46	99.89	30	1.17
297	thinadhoo	32	IN	1553822415	100	10.57	72.64	28.41	5.42
298	remanso	75	GT	1553820000	74	14.51	-92.19	29	1.5
299	strezhevoy	75	CA	1553821200	42	58.52	-117.13	8	3.6
300	sinkat	5	MX	1553822410	14	28.39	-105.62	28	2.6
301	erzin	32	AU	1553822413	66	-33.28	149.1	21.67	2.68
302	winton	20	US	1553822238	36	43.49	-112.04	8	7.2
303	amderma	90	US	1553822211	52	41.12	-100.77	8	5.1
304	mayumba	88	KZ	1553822417	97	48.68	71.64	7.96	4.5
305	norman wells	20	RU	1553819400	55	53.05	158.65	1	10
306	sainte-martine	0	FR	1553819400	84	46.42	3.91	1	1.3
307	beaufort	48	CD	1553822418	82	-10.7	22.23	20.46	1.02
308	abong mbang	36	BR	1553822418	89	-7.85	-41.91	25.21	3.25
309	am timan	75	IE	1553821200	93	51.89	-8.4	7	3.6
310	kaduna	75	TR	1553820600	86	41.21	36.97	4	1.5
311	castleisland	0	BT	1553822419	29	27.91	89.73	-23.75	0.15
312	qinnan	0	ZM	1553822420	73	-14.25	31.33	19.11	4
313	acapulco	76	CN	1553822130	90	30.37	113.44	13.81	1.4
314	toliary	20	US	1553822321	69	21.44	-157.84	28	5.7
315	parrita	75	CZ	1553822408	87	50.47	14.53	8.33	1
316	iqaluit	76	BR	1553822421	80	-32.03	-52.1	22.41	8.82
317	betioky	92	CA	1553822421	96	47.44	-72.79	3.26	4.27
318	huarmey	0	UA	1553822422	68	49.56	34.08	-3.3	2.25
319	mbandaka	8	MX	1553822422	39	16.23	-93.58	26.71	2.75
320	griffith	12	BW	1553822422	74	-24.69	23.5	19.56	0.8
321	lindi	20	ZA	1553822422	85	-28.77	32.06	22.46	3.27
322	kefamenanu	0	ES	1553822404	76	42.77	-9.06	15	2.6
323	dongsheng	44	RU	1553822372	77	66.56	67.8	-7.25	3.55
324	charters towers	0	CL	1553821866	84	-25.41	-70.49	16.26	0.9
325	lavrentiya	75	BR	1553817600	94	-6.09	-35.21	25	4.1
326	derzhavinsk	0	VE	1553822424	81	10.49	-68.2	23.21	1.25
327	loudi	0	RO	1553822424	76	45.1	24.1	-3.4	1.12
328	karratha	0	EE	1553822391	86	57.91	26.05	4.44	6.2
329	sumbe	8	SE	1553820600	52	63.29	18.72	11	2.6
330	nome	1	US	1553822169	35	41.53	-109.47	6	4.1
331	krian	0	PT	1553822228	62	37.14	-8.45	15	6.2
332	corinth	80	MG	1553822426	100	-19.9	48.8	22.16	1.37
333	garden city	75	US	1553822426	71	37.46	-122.43	14.44	2.1
334	thap than	80	NI	1553822427	95	12.17	-83.04	27.06	8.32
335	kavaratti	44	TL	1553822427	88	-8.93	125.41	23.31	0.62
336	ocos	90	RU	1553819400	93	43.94	42.44	2	4
337	high level	80	PE	1553822428	80	-11.1	-77.61	21.61	1.85
338	lazaro cardenas	5	MX	1553820300	30	27.42	-110.23	27	2.6
339	orange	48	LR	1553822428	84	6.87	-10.82	26.66	2.65
340	idaho falls	88	PG	1553822429	100	-3.66	152.44	26.46	3.05
341	north platte	56	RU	1553822429	64	52.16	109.78	-9.55	1.15
342	atasu	0	LY	1553822429	64	27.03	14.43	19.11	4.15
343	petropavlovsk-kamchatskiy	68	MN	1553822430	68	49.03	104.04	-8.2	1.57
344	saint-francois	92	NA	1553821338	86	-22.12	14.28	17.78	0.45
345	luau	0	TD	1553822430	21	14.53	20.93	22.61	5
346	simplicio mendes	20	ID	1553822428	74	-6.34	106.1	29.44	2.6
347	mahon	8	ML	1553822431	79	11.94	-8.41	24.11	1.52
348	terme	0	RU	1553822431	84	57.8	158.67	-7.95	4.45
349	kerteh	40	CO	1553821774	66	11.24	-74.21	29	7.2
350	gasa	40	US	1553822307	80	46.54	-87.4	-1	3.1
351	kuche	12	NG	1553822433	28	10.41	10.6	25.06	3.6
352	sataua	0	ES	1553822430	75	43.2	-8.36	13.89	0.5
353	petauke	76	RU	1553822433	91	50.68	156.12	0.06	6.75
354	xiantao	0	AU	1553819400	45	-14.47	132.26	31	2.1
355	ahuimanu	0	NA	1553817600	14	-26.57	18.15	25	3.6
356	vidim	36	RU	1553822435	88	68.05	39.51	-1.55	7.12
357	rio grande	44	BR	1553822435	92	-2.76	-42.27	25.66	3.07
358	la tuque	90	GB	1553822159	100	50.73	-3.53	6.11	1
359	reshetylivka	56	RU	1553822435	86	70.62	147.9	-10.15	7.57
360	tres picos	12	RU	1553822436	79	59.99	45.81	-8.55	1.17
361	khakhea	0	RU	1553822436	82	48.22	46.83	-0.8	5.17
362	richards bay	90	CN	1553822414	87	32.34	118.83	16.67	4
363	muros	75	US	1553822435	66	43.41	-124.22	13.33	2.6
364	aksarka	0	BR	1553817600	56	-20.25	-43.81	22	2.6
365	taltal	24	ES	1553820600	72	36.13	-5.45	15	15.4
366	nisia floresta	36	RU	1553822438	75	63.29	118.35	-9.45	1.12
367	moron	92	GB	1553820600	87	60.4	-1.35	9	17
368	manta	20	US	1553822185	82	36.97	-122.03	16	6.2
369	soe	1	CA	1553822314	45	52.78	-108.3	6	6.7
370	ornskoldsvik	75	NO	1553822402	87	58.89	5.65	7.22	6.2
371	green river	36	ID	1553822442	100	-0.91	122.88	26.06	1
372	lagoa	36	FI	1553822442	90	63.32	30.02	2.61	3.3
373	mahanoro	20	GR	1553822398	73	39.1	22.27	10	1.5
374	half moon bay	40	MX	1553816700	70	15.86	-97.07	29	3.1
375	corn island	90	RU	1553819400	92	53.14	59.15	-1	2
376	airai	76	MN	1553822443	65	49.49	105.92	-6.4	2.6
377	tereze	8	KE	1553822443	89	3.12	35.6	22.21	1.25
378	ust-kamchatsk	0	FR	1553822188	87	47.55	-2.56	6.67	4.1
379	hualmay	0	CN	1553822444	59	42.84	93.51	2.56	3.4
380	rio muerto	88	IE	1553822407	80	53.8	-9.52	10.56	6.85
381	tubmanburg	0	IN	1553822445	51	27.18	78.01	20.71	1.12
382	sentyabrskiy	75	NO	1553820600	85	78.22	15.63	-4	13.9
383	namatanai	32	ID	1553822373	91	-0.87	134.08	28.71	4.4
384	khorinsk	40	PT	1553822124	76	37.73	-25.67	13	3.6
385	sabha	8	NE	1553822446	28	18.69	12.92	18.46	1.35
386	erdenet	75	CN	1553822439	100	30.76	120.75	15	5
387	henties bay	1	US	1553822287	62	32.45	-81.78	16.67	1.5
388	malwan	0	IN	1553822447	71	17.72	79.16	21.61	1.9
389	biltine	8	RU	1553822447	70	68.06	166.44	-14.55	1.4
390	karaton	0	NZ	1553822193	59	-43.53	172.64	18	8.2
391	kangaba	75	BR	1553822447	100	-25.19	-49.31	17.78	2.6
392	tigil	1	US	1553822424	36	43.97	-111.68	8	5.7
393	santa marta	20	CA	1553822185	58	48.95	-54.61	-3	8.7
394	marquette	0	US	1553822197	45	37.17	-99.65	26.36	2.05
395	bara	75	NO	1553822403	81	62.58	6.12	10	15.9
396	beira	75	CA	1553817600	38	49.72	-86.95	-5	3.1
397	severo-kurilsk	68	NZ	1553822452	92	-39.64	176.84	18.71	4.77
398	olafsvik	90	AU	1553820300	69	-20.73	139.49	26	3.6
399	asau	20	UA	1553822453	66	50.31	34.89	-3.8	3.82
400	katherine	0	NG	1553822454	35	10.52	9.86	21.71	2.62
401	keetmanshoop	48	BR	1553822454	86	-4.88	-66.9	27.06	1.67
402	ostrovnoy	0	SA	1553817600	38	24.63	46.72	16	1
403	tutoia	5	MX	1553820240	69	18.53	-92.64	23	2.1
404	exeter	24	BR	1553822455	85	-9.08	-44.36	24.76	1.6
405	chokurdakh	20	SE	1553822404	87	57.84	14.81	6	7.2
406	kichmengskiy gorodok	40	MU	1553822344	94	-20.01	57.66	26	5.1
407	nizhniy baskunchak	0	CN	1553822276	70	24.92	102.47	13.89	2
408	rungata	0	NE	1553822457	22	13.64	4.03	25.61	4.85
409	vaitupu	75	IL	1553822456	87	31.8	34.94	15	1.5
410	xiongzhou	5	MX	1553822416	9	24.01	-104.61	25	7.2
411	north bend	0	ET	1553822458	88	14.16	38.9	9.61	1.15
412	praia	8	SL	1553822458	72	7.62	-11.83	26.46	2.17
413	algeciras	36	CO	1553822458	91	7.98	-75.42	24.46	3.55
414	nyurba	0	CA	1553822409	48	60.75	-137.51	5.81	1.25
415	brae	90	CA	1553822280	87	42.9	-79.62	11.11	3.6
416	santa cruz	0	SD	1553822459	26	12.35	29.25	16.56	3.27
417	north battleford	5	MX	1553820300	30	27.52	-110.01	27	2.6
418	sola	90	US	1553822270	86	41.97	-71.43	7	5.1
419	biak	12	ZA	1553821200	88	-33.59	22.2	19	2.1
420	lieksa	1	US	1553822275	74	47.93	-96.78	-1	1.97
421	omvriaki	64	KZ	1553822460	71	50.63	81.92	-5.9	1.17
422	puerto escondido	80	RU	1553822460	59	54.91	99.03	-2.1	2.27
423	svetlogorsk	0	AR	1553822294	77	-34.54	-58.72	21	2.6
424	darhan	75	CA	1553822416	92	44.65	-63.58	0	5.7
425	lodwar	75	CA	1553820300	83	70.47	-68.59	-24	4.1
426	ambon	75	MM	1553819400	94	16.76	96.52	24	1
427	hami	88	AZ	1553822443	97	39.51	46.43	-1.55	0.67
428	westport	0	BR	1553821200	46	2.82	-60.67	32	4.1
429	agra	64	FO	1553820600	95	62.23	-6.59	4	10.3
430	longyearbyen	75	IS	1553822083	86	64	-22.56	0	15.9
431	manokwari	76	RU	1553822467	90	65.8	87.96	-4.75	5.95
432	ponta delgada	1	US	1553822424	50	33.19	-82.53	15	1.3
433	bilma	20	PH	1553822384	70	14.29	120.72	30.56	3.1
434	jiaxing	75	MY	1553819400	70	5.98	116.07	29	1.5
435	statesboro	0	AR	1553822468	46	-40.81	-62.99	24.16	6.7
436	jangaon	0	SN	1553819400	82	14.69	-16.54	20	7.2
437	bilibino	0	NE	1553822469	30	18.74	7.39	22.46	1.82
438	christchurch	1	US	1553822454	51	36.67	-121.66	16.11	7.2
439	rio branco do sul	64	CO	1553822470	90	5.36	-74.39	22.41	0.72
440	saint anthony	0	IR	1553822470	86	36.67	48.48	-5	1.57
441	gander	68	PG	1553822470	95	-2.02	147.27	28.71	4.42
442	sitka	90	AU	1553819400	82	-37.83	140.78	14	6.7
443	roald	0	RU	1553822471	92	65.01	53.91	-5.15	2.35
444	geraldton	0	SA	1553821200	58	18.39	42.45	15	3.6
445	hastings	0	IR	1553821200	77	33.12	46.17	2	2.1
446	mount isa	76	GA	1553822472	94	-0.72	8.78	28.46	3.82
447	okhtyrka	44	BR	1553822472	83	-18.45	-50.45	23.71	2.02
448	yuli	8	KZ	1553822473	82	48.59	57.19	-1.3	4.07
449	carauari	68	RU	1553822473	76	49.22	143.1	-5.4	4.15
450	riyadh	40	AT	1553822470	75	48.35	15.74	8.89	3.1
451	frontera	40	CO	1553817600	94	6.99	-73.05	21	3.6
452	talawdi	0	ID	1553822269	96	5.38	95.96	24.71	1.3
453	bom jesus	68	AU	1553822467	90	-35.71	150.18	21.67	2.57
454	aneby	8	SO	1553822474	94	8.41	48.48	19.36	2.52
455	grand gaube	8	KG	1553822475	100	41.17	75.81	-5.55	1.02
456	lianran	75	US	1553822302	39	45.52	-122.67	18	2.1
457	dogondoutchi	0	BR	1553822291	88	-3.71	-38.6	26.11	1
458	gizo	75	NG	1553817600	94	5.43	7.07	27	3.5
459	paraiso	0	AU	1553822470	50	-32.72	152.14	26.67	5.7
460	adwa	88	NO	1553822476	100	70.03	20.97	1.56	5.55
461	mattru	32	GL	1553822477	72	66.94	-53.67	-19.5	0.92
462	montelibano	0	IN	1553822477	79	28.17	94.8	11.31	1
463	haines junction	0	NG	1553822477	34	9.68	6.4	24.71	3.47
464	dunnville	0	SA	1553822477	100	25.02	37.27	15.71	2.25
465	abu zabad	75	AT	1553822335	75	47.42	13.22	6	2.1
466	laguna	1	US	1553822448	47	36.02	-80.38	14.44	2.95
467	cumberland	0	ML	1553822478	30	16.28	-0.04	26.61	2.6
468	oudtshoorn	0	HR	1553821200	40	44.45	15.06	11	5.7
469	key west	76	CD	1553822479	95	-2.95	25.92	22.71	0.92
470	shemonaikha	5	CA	1553822268	68	47.58	-53.28	-2.78	4.1
471	nizhneudinsk	5	SA	1553821200	49	17.54	44.22	22	1.6
472	san miguel	0	IR	1553821200	72	28.97	50.84	19	5.1
473	halifax	12	CD	1553822480	97	-6.42	20.79	23.56	0.82
474	clyde river	90	CA	1553820420	92	48.14	-78.13	1	7.7
475	mahanje	36	MG	1553822481	100	-14.27	50.17	26.46	4.1
476	thongwa	80	BR	1553822481	100	-23.78	-45.36	22.81	5.8
477	khndzoresk	40	CO	1553817600	67	4.71	-74.23	16	3.1
478	pinotepa nacional	8	GH	1553822283	83	5.26	-0.76	27.06	4.05
479	boa vista	5	MX	1553822416	9	23.99	-104.67	25	7.2
480	klaksvik	24	ID	1553822482	100	5.18	97.15	28.31	2.02
481	keflavik	56	IQ	1553822482	87	33.64	42.83	9.26	1.37
482	turukhansk	40	PH	1553821200	66	10.73	123.82	29	3.1
483	avera	75	JP	1553822464	63	33.31	130.95	20	1.5
484	ternate	90	US	1553822483	93	40.47	-88.99	17.22	5.7
485	kota kinabalu	8	ID	1553817600	94	-7.54	112.45	26	2.1
486	viedma	56	PH	1553822484	100	6.23	120.56	27.41	1
487	gat	12	IN	1553822484	77	30.78	78.62	6.61	1.15
488	arlit	92	MX	1553822419	39	24.83	-100.08	21.67	4.47
489	salinas	75	AU	1553822246	68	-34.85	139.16	21.67	9.8
490	la palma	0	EG	1553817600	51	25.7	32.65	16	1.15
491	zanjan	48	PH	1553822295	78	8	124.29	27.22	2.68
492	lorengau	0	PH	1553822486	72	17.41	121.44	22.96	1.12
493	mount gambier	40	MU	1553822344	94	-19.98	57.61	26	5.1
494	acarau	24	UZ	1553819400	87	41.32	61.08	7	4.1
495	skalistyy	88	RU	1553822487	94	69.41	86.18	-5.3	9
496	izhma	20	IN	1553819400	78	12.72	74.89	27	2.6
497	faya	0	ES	1553819400	82	28.5	-13.86	17	3.6
498	mehran	68	RU	1553822488	91	53.59	142.95	-7.3	6.42
499	port-gentil	0	DZ	1553817600	49	27.87	-0.29	20	6.2
500	quirinopolis	0	NG	1553822488	90	5.52	5.75	25.61	3.65
501	shubarshi	0	IT	1553822470	98	42.81	10.31	12.22	7.2
502	poronaysk	0	SO	1553822489	87	5.35	48.53	26.46	4.05
503	traismauer	40	CA	1553822224	31	50.04	-110.68	8.89	2.1
504	qurayyat	0	MK	1553822490	55	41.28	20.71	0.91	1.3
505	piedecuesta	8	NG	1553822490	91	6.5	4.78	26.01	1.12
506	sigli	20	CA	1553817600	27	58.81	-122.69	12	1.52
507	batemans bay	80	RU	1553822491	100	42.73	133.08	1.71	4.97
508	garowe	0	AU	1553819400	22	-23.7	133.88	27	1.5
509	at-bashi	36	MZ	1553822492	100	-14.56	40.69	26.16	4
510	portland	0	BW	1553822492	73	-26.02	22.4	19.76	1.35
511	vila velha	92	ML	1553822492	28	18.9	-3.53	30.56	2.27
512	naze	40	VU	1553821200	66	-19.55	169.27	32	6.2
513	nelson bay	0	GB	1553822464	91	55.04	-1.44	8.89	1
514	skjervoy	76	RU	1553822493	80	60.71	114.91	-6.7	1.5
515	sisimiut	80	CO	1553822493	93	-0.19	-74.78	24.41	1.05
516	along	76	RU	1553822494	82	61.28	108.01	-4.95	1.17
517	bako	75	MN	1553821200	61	47.92	106.92	-8	6
518	umm lajj	40	EG	1553817600	82	31.4	30.42	16	1.5
519	bischofshofen	0	CN	1553822495	37	28.28	88.52	-23.05	0.95
520	clemmons	40	GN	1553821200	88	9.52	-13.7	27	3.65
521	gao	0	RS	1553821200	73	43.52	20.24	1	0.5
522	pag	68	BR	1553822495	84	-10.34	-67.19	24.81	1.05
523	kindu	0	PY	1553821200	73	-27.37	-55.89	25	2.1
524	bay roberts	0	IN	1553822496	82	16.48	76.32	19.71	0.4
525	inderborskiy	0	SZ	1553822496	89	-27.11	31.2	13.61	0.95
526	najran	5	MX	1553822411	73	20.71	-105.21	25	6.2
527	bushehr	92	CA	1553822229	93	46.12	-70.67	3.89	0.89
528	tshikapa	40	PF	1553821942	62	-17.73	-149.15	31	4.1
529	korla	0	IN	1553822497	55	21.47	76.4	19.61	1.22
530	malartic	0	UA	1553822498	77	51.37	23.94	0.01	1.8
531	sambava	48	RU	1553822498	87	60.47	166.1	-8.4	3.2
532	ilhabela	75	NO	1553822415	61	63.83	10.7	10	7.7
533	mosquera	0	AR	1553822294	82	-34.42	-58.58	20	3.1
534	mumford	92	RU	1553822500	78	54.34	101.51	-5.25	2.17
535	constitucion	75	RU	1553822443	93	44.93	38.37	2.22	1
536	lhokseumawe	80	RU	1553822500	83	63.01	112.47	-5.15	1.25
537	hit	75	DE	1553822480	81	50.72	11.42	8.89	0.5
538	tuburan	0	AU	1553822227	50	-34.58	150.85	24.44	0.5
539	hita	20	RU	1553822501	44	53.98	124.16	-8.95	1.9
540	bloomington	32	MX	1553822501	46	15.69	-93.21	28.71	1.27
541	puri	88	MX	1553822305	20	24	-103.02	26.16	3.7
542	pandan niog	12	CM	1553822502	95	2.91	11.16	21.06	0.85
543	lata	0	AR	1553821200	66	-51.62	-69.22	13	7.7
544	galeana	80	JP	1553822440	29	36.61	138.81	10.56	0.89
545	waling	56	RU	1553822503	86	66.32	-179.17	-7.2	1.57
546	palmer	68	CI	1553822503	96	7.96	-6.67	22.11	2.97
547	luxor	90	US	1553822411	72	30.44	-84.28	18	2.6
548	marawi	92	RU	1553822504	88	57.94	69.02	-0.1	4.5
549	tabuk	92	BR	1553822294	100	-21.64	-41.05	24.41	7.1
550	cap malheureux								
551	hazorasp								
552	fevralsk								
553	dudinka								
554	manjeshwar								
555	puerto del rosario								
556	okha								
557	adrar								
558	warri								
559	portoferraio								
560	hobyo								
561	kadykchan								
562	maarianhamina								
563	medicine hat								
564	poum								
565	alotau								
566	okitipupa								
567	fort nelson								
568	yirol								
569	vrangel								
570	alice springs								
571	nacala								
572	tsabong								
573	araouane								
574	isangel								
575	whitley bay								
576	lensk								
577	puerto leguizamo								
578	yerbogachen								
579	ulaanbaatar								
580	rosetta								
581	gamba								
582	conakry								
583	mana								
584	placido de castro								
585	posadas								
586	talikota								
587	nhlangano								
588	ixtapa								
589	saint-georges								
590	tautira								
591	nepa nagar								
592	zaozerne								
593	momcilgrad								
594	tilichiki								
595	dolbeau								
596	hovd								
597	tigre								
598	tahta								
599	kuytun								
600	krasnooktyabrskiy								
601	chernyshevskiy								
602	kolkwitz								
603	flinders								
604	never								
605	pijijiapan								
606	ambodifototra								
607	nieves								
608	kuah								
609	elat								
610	rio gallegos								
611	nakanojo								
612	egvekinot								
613	umzimvubu								
614	seguela								
615	tallahassee								
616	vagay								
617	sao joao da barra								
